PVModule,Temper-ature Corrected to (°C),Irradiance Corrected to (W/m2),Isc Corrected (A),Voc Corrected (V),Imp Corrected (A),Vmp Corrected (V),Pm Corrected (W),FF Corrected (%),Module Temper-ature (°C) ,Irradiance Measured (W/m2),Isc Raw (A),Voc Raw (V),Imp Raw (A),Vmp Raw (V),Pm Raw (W)
xSi12922,15,100,0.511,20.48,0.471,16.85,7.92,75.7,14.5,97.5,0.497,20.51,0.458,16.89,7.73
xSi12922,25,100,0.515,19.65,0.465,16.34,7.59,75.1,25.2,101.2,0.521,19.63,0.471,16.33,7.69
xSi12922,15,200,1.016,21.30,0.926,17.94,16.61,76.7,15.4,200.6,1.020,21.27,0.930,17.91,16.65
xSi12922,25,200,1.029,20.38,0.939,17.04,16.01,76.3,25.2,199.0,1.024,20.37,0.934,17.03,15.91
xSi12922,25,400,2.054,21.11,1.889,17.47,33.01,76.2,25.2,398.9,2.049,21.10,1.884,17.46,32.89
xSi12922,50,400,2.064,19.15,1.883,15.47,29.14,73.7,50.0,398.9,2.059,19.15,1.877,15.48,29.05
xSi12922,25,600,3.076,21.52,2.833,17.60,49.84,75.3,25.1,597.9,3.065,21.51,2.822,17.59,49.62
xSi12922,50,600,3.097,19.62,2.823,15.64,44.15,72.6,50.0,599.8,3.096,19.62,2.822,15.64,44.13
xSi12922,65,600,3.107,18.46,2.813,14.51,40.82,71.2,64.0,599.1,3.100,18.54,2.808,14.59,40.95
xSi12922,25,800,4.096,21.82,3.753,17.63,66.18,74.1,25.1,799.8,4.095,21.81,3.752,17.62,66.12
xSi12922,50,800,4.125,19.94,3.743,15.70,58.78,71.5,49.9,801.0,4.130,19.94,3.748,15.71,58.88
xSi12922,65,800,4.158,18.80,3.743,14.56,54.49,69.7,64.0,800.5,4.158,18.87,3.745,14.63,54.79
xSi12922,25,1000,5.116,22.05,4.660,17.63,82.14,72.8,25.1,1001.6,5.125,22.04,4.669,17.62,82.26
xSi12922,50,1000,5.175,20.15,4.651,15.67,72.85,69.9,50.5,1001.1,5.182,20.11,4.656,15.63,72.78
xSi12922,65,1000,5.200,19.05,4.659,14.56,67.82,68.4,64.0,999.9,5.197,19.13,4.658,14.63,68.15
xSi12922,25,1100,5.632,22.14,5.088,17.59,89.50,71.8,25.1,1101.4,5.639,22.13,5.096,17.58,89.60
xSi12922,50,1100,5.686,20.28,5.117,15.66,80.13,69.5,49.7,1099.6,5.683,20.31,5.114,15.68,80.21
xSi12922,65,1100,5.723,19.16,5.123,14.50,74.31,67.8,63.9,1097.9,5.709,19.25,5.112,14.59,74.58
xSi11246,15,100,0.504,20.45,0.450,17.06,7.67,79.0,16.8,98.5,0.501,20.31,0.452,16.93,7.65
xSi11246,15,200,1.009,21.22,0.926,17.65,16.35,75.7,14.6,198.6,1.001,21.25,0.917,17.68,16.22
xSi11246,25,100,0.516,19.60,0.464,16.19,7.52,70.9,24.1,101.8,0.522,19.66,0.469,16.25,7.62
xSi11246,25,200,1.025,20.33,0.935,16.78,15.70,74.3,24.2,198.9,1.017,20.40,0.925,16.84,15.58
xSi11246,25,400,2.053,21.08,1.866,17.18,32.07,73.7,24.3,399.3,2.048,21.14,1.859,17.24,32.04
xSi11246,25,600,3.054,21.49,2.751,17.27,47.52,72.2,24.3,599.6,3.050,21.54,2.745,17.33,47.56
xSi11246,25,800,4.062,21.78,3.615,17.26,62.40,70.5,24.2,799.4,4.057,21.84,3.608,17.32,62.47
xSi11246,25,1000,5.074,22.01,4.486,17.19,77.12,69.0,24.1,999.1,5.067,22.08,4.476,17.26,77.24
xSi11246,25,1100,5.578,22.10,4.892,17.15,83.88,68.1,24.2,1101.2,5.582,22.17,4.893,17.20,84.19
xSi11246,50,400,2.047,19.15,1.851,15.35,28.41,72.4,49.8,399.4,2.043,19.16,1.847,15.37,28.38
xSi11246,50,600,3.077,19.57,2.771,15.45,42.81,71.0,49.3,598.3,3.066,19.62,2.759,15.50,42.75
xSi11246,50,800,4.105,19.96,3.644,15.57,56.73,69.3,50.9,799.3,4.104,19.89,3.645,15.50,56.51
xSi11246,50,1000,5.134,20.22,4.498,15.53,69.85,67.3,51.1,999.7,5.135,20.14,4.502,15.45,69.56
xSi11246,50,1100,5.648,20.36,4.898,15.56,76.22,66.3,49.9,1100.8,5.652,20.37,4.902,15.57,76.30
xSi11246,65,600,3.095,18.47,2.797,14.41,40.29,70.5,64.8,598.9,3.089,18.49,2.790,14.42,40.23
xSi11246,65,800,4.133,18.80,3.708,14.47,53.65,69.1,65.5,800.2,4.136,18.77,3.711,14.44,53.58
xSi11246,65,1000,5.177,19.06,4.619,14.41,66.56,67.5,65.8,1001.0,5.184,19.00,4.628,14.36,66.45
xSi11246,65,1100,5.698,19.16,5.060,14.41,72.92,66.7,66.1,1099.9,5.701,19.08,5.066,14.33,72.61
mSi460A8,15,100,0.499,19.84,0.456,16.11,7.35,74.2,15.9,98.1,0.493,19.77,0.447,16.04,7.17
mSi460A8,25,100,0.503,18.85,0.444,15.29,6.79,71.7,25.4,99.5,0.502,18.82,0.442,15.26,6.74
mSi460A8,15,200,1.001,20.72,0.902,17.15,15.47,74.6,15.5,200.5,1.005,20.69,0.904,17.11,15.48
mSi460A8,25,200,1.007,19.76,0.909,16.15,14.69,73.8,25.5,199.7,1.007,19.73,0.908,16.12,14.64
mSi460A8,25,400,2.014,20.61,1.853,16.87,31.27,75.4,25.4,399.1,2.011,20.58,1.849,16.84,31.13
mSi460A8,50,400,2.068,18.76,1.877,15.01,28.17,72.6,49.6,398.0,2.056,18.79,1.867,15.04,28.07
mSi460A8,25,600,3.022,21.08,2.793,17.14,47.88,75.2,25.4,599.5,3.021,21.05,2.790,17.11,47.75
mSi460A8,50,600,3.102,19.26,2.822,15.33,43.26,72.4,49.6,600.1,3.102,19.29,2.823,15.36,43.35
mSi460A8,65,600,3.131,18.15,2.824,14.19,40.07,70.5,64.6,599.3,3.126,18.18,2.821,14.22,40.10
mSi460A8,25,800,4.035,21.41,3.732,17.29,64.53,74.7,25.4,800.4,4.038,21.38,3.734,17.26,64.47
mSi460A8,50,800,4.144,19.61,3.787,15.40,58.33,71.8,49.7,798.8,4.137,19.63,3.781,15.42,58.32
mSi460A8,65,800,4.181,18.52,3.776,14.32,54.06,69.8,64.4,799.3,4.176,18.56,3.772,14.36,54.17
mSi460A8,25,1000,5.064,21.67,4.693,17.32,81.29,74.1,25.2,999.6,5.063,21.65,4.691,17.30,81.17
mSi460A8,50,1000,5.187,19.86,4.733,15.45,73.13,71.0,49.9,998.5,5.178,19.87,4.725,15.46,73.04
mSi460A8,65,1000,5.228,18.79,4.718,14.34,67.65,68.9,64.6,1001.4,5.234,18.82,4.726,14.37,67.91
mSi460A8,25,1100,5.574,21.76,5.127,17.30,88.69,73.1,25.7,1102.2,5.587,21.72,5.139,17.25,88.64
mSi460A8,50,1100,5.712,19.98,5.215,15.45,80.59,70.6,49.5,1098.2,5.701,20.02,5.206,15.49,80.65
mSi460A8,65,1100,5.754,18.90,5.206,14.31,74.52,68.5,64.4,1100.7,5.756,18.94,5.210,14.36,74.82
mSi460BB,15,100,0.503,19.88,0.465,16.35,7.60,73.8,13.8,97.3,0.486,19.97,0.451,16.43,7.42
mSi460BB,15,200,0.999,20.68,0.929,17.18,15.95,77.5,15.4,196.4,0.982,20.65,0.911,17.15,15.62
mSi460BB,25,100,0.508,19.03,0.455,15.64,7.11,70.2,24.2,100.8,0.509,19.09,0.459,15.70,7.20
mSi460BB,25,200,1.015,19.88,0.924,16.41,15.15,73.9,24.2,201.2,1.019,19.93,0.930,16.46,15.31
mSi460BB,25,400,2.034,20.67,1.881,16.90,31.80,75.2,24.3,399.0,2.027,20.73,1.876,16.96,31.81
mSi460BB,25,600,3.053,21.13,2.832,17.12,48.48,75.0,24.2,599.3,3.048,21.19,2.829,17.17,48.58
mSi460BB,25,800,4.073,21.45,3.775,17.22,64.98,74.3,24.3,802.5,4.084,21.50,3.787,17.27,65.40
mSi460BB,25,1000,5.098,21.69,4.694,17.22,80.84,73.1,24.2,1001.7,5.104,21.75,4.703,17.28,81.28
mSi460BB,25,1100,5.597,21.78,5.159,17.19,88.67,72.8,24.2,1103.2,5.611,21.84,5.175,17.25,89.26
mSi460BB,50,400,2.055,18.83,1.876,15.09,28.31,72.7,49.1,398.3,2.044,18.90,1.867,15.16,28.30
mSi460BB,50,600,3.102,19.33,2.833,15.35,43.47,72.5,49.8,598.9,3.096,19.34,2.827,15.36,43.42
mSi460BB,50,800,4.145,19.67,3.793,15.39,58.39,71.6,50.5,800.4,4.148,19.64,3.795,15.35,58.27
mSi460BB,50,1000,5.187,19.94,4.730,15.44,73.04,70.6,51.3,997.9,5.179,19.85,4.719,15.35,72.42
mSi460BB,50,1100,5.713,20.01,5.203,15.37,79.99,70.0,50.4,1100.0,5.714,19.98,5.203,15.34,79.83
mSi460BB,65,600,3.115,18.24,2.821,14.24,40.18,70.8,65.8,602.4,3.130,18.18,2.834,14.18,40.19
mSi460BB,65,800,4.172,18.59,3.782,14.32,54.16,69.9,65.6,800.0,4.174,18.55,3.782,14.28,53.99
mSi460BB,65,1000,5.223,18.87,4.730,14.32,67.74,68.7,64.9,1000.6,5.225,18.87,4.733,14.33,67.81
mSi460BB,65,1100,5.749,18.97,5.188,14.33,74.33,68.1,65.3,1100.3,5.751,18.95,5.190,14.31,74.25
mSi0166,15,100,0.271,20.34,0.235,16.28,3.83,69.5,14.5,101.6,0.274,20.38,0.239,16.32,3.91
mSi0166,25,100,0.273,19.36,0.233,15.65,3.65,69.0,24.7,99.4,0.272,19.38,0.232,15.68,3.63
mSi0166,15,200,0.541,21.18,0.475,17.56,8.34,72.8,15.6,203.7,0.552,21.14,0.485,17.52,8.49
mSi0166,25,200,0.547,20.26,0.487,16.65,8.11,73.2,24.7,199.5,0.545,20.29,0.486,16.67,8.10
mSi0166,25,400,1.094,21.08,0.993,17.59,17.47,75.8,24.6,398.7,1.090,21.10,0.990,17.62,17.44
mSi0166,50,400,1.097,19.20,0.986,15.69,15.48,73.5,50.1,400.9,1.099,19.19,0.989,15.68,15.51
mSi0166,25,600,1.642,21.52,1.508,17.90,26.99,76.4,24.7,598.9,1.638,21.54,1.505,17.93,26.97
mSi0166,50,600,1.653,19.68,1.499,16.06,24.06,74.0,50.3,600.4,1.654,19.66,1.500,16.04,24.05
mSi0166,65,600,1.664,18.59,1.499,14.97,22.45,72.6,64.8,598.4,1.660,18.61,1.495,14.99,22.41
mSi0166,25,800,2.191,21.83,2.018,18.13,36.58,76.5,24.7,800.0,2.190,21.85,2.018,18.15,36.63
mSi0166,50,800,2.209,20.01,2.009,16.29,32.73,74.1,50.2,799.2,2.207,19.99,2.007,16.27,32.67
mSi0166,65,800,2.223,18.92,2.010,15.15,30.45,72.4,64.9,798.7,2.219,18.93,2.007,15.15,30.41
mSi0166,25,1000,2.741,22.07,2.532,18.26,46.24,76.5,24.8,1001.4,2.744,22.09,2.536,18.28,46.36
mSi0166,50,1000,2.763,20.26,2.529,16.36,41.37,73.9,50.1,999.6,2.762,20.25,2.528,16.35,41.32
mSi0166,65,1000,2.782,19.18,2.523,15.26,38.51,72.2,65.1,1001.1,2.786,19.17,2.526,15.26,38.54
mSi0166,25,1100,3.015,22.16,2.789,18.23,50.86,76.1,24.7,1101.8,3.019,22.18,2.794,18.26,51.02
mSi0166,50,1100,3.044,20.37,2.771,16.45,45.57,73.5,50.1,1101.6,3.049,20.36,2.775,16.44,45.62
mSi0166,65,1100,3.067,19.30,2.784,15.27,42.53,71.8,64.6,1101.0,3.070,19.33,2.787,15.30,42.65
mSi0188,15,100,0.271,20.27,0.236,16.37,3.87,70.4,15.5,99.9,0.271,20.23,0.236,16.34,3.86
mSi0188,25,100,0.274,19.37,0.237,15.58,3.70,69.6,25.3,100.0,0.275,19.35,0.237,15.56,3.69
mSi0188,15,200,0.543,21.16,0.488,17.62,8.59,74.8,14.6,198.1,0.538,21.19,0.483,17.65,8.52
mSi0188,25,200,0.548,20.28,0.489,16.69,8.16,73.4,25.6,199.2,0.547,20.23,0.487,16.64,8.10
mSi0188,25,400,1.098,21.08,0.997,17.53,17.46,75.4,25.7,400.0,1.099,21.04,0.996,17.47,17.41
mSi0188,50,400,1.099,19.17,0.988,15.62,15.42,73.2,50.6,400.9,1.102,19.13,0.990,15.57,15.42
mSi0188,25,600,1.647,21.53,1.509,17.87,26.96,76.0,25.7,599.4,1.647,21.48,1.507,17.82,26.85
mSi0188,50,600,1.650,19.67,1.495,15.97,23.88,73.6,50.1,600.6,1.652,19.67,1.497,15.97,23.90
mSi0188,65,600,1.659,18.51,1.493,14.83,22.14,72.1,64.6,599.6,1.657,18.54,1.492,14.86,22.17
mSi0188,25,800,2.198,21.84,2.024,18.00,36.43,75.9,25.7,801.1,2.202,21.79,2.027,17.95,36.38
mSi0188,50,800,2.205,19.98,2.005,16.15,32.39,73.5,49.6,799.2,2.202,20.01,2.003,16.18,32.42
mSi0188,65,800,2.220,18.85,2.005,15.00,30.07,71.8,64.3,799.6,2.218,18.91,2.004,15.05,30.16
mSi0188,25,1000,2.750,22.07,2.530,18.15,45.91,75.7,25.7,1001.1,2.754,22.02,2.533,18.10,45.85
mSi0188,50,1000,2.760,20.23,2.517,16.25,40.89,73.2,49.7,999.7,2.759,20.26,2.516,16.27,40.93
mSi0188,65,1000,2.773,19.11,2.508,15.09,37.86,71.4,65.5,1001.0,2.776,19.08,2.511,15.05,37.80
mSi0188,25,1100,3.025,22.16,2.791,18.13,50.61,75.5,25.5,1099.4,3.025,22.13,2.789,18.09,50.47
mSi0188,50,1100,3.045,20.31,2.774,16.24,45.06,72.8,49.8,1099.9,3.044,20.33,2.773,16.26,45.09
mSi0188,65,1100,3.055,19.22,2.767,15.11,41.79,71.2,65.7,1099.4,3.055,19.17,2.765,15.05,41.61
mSi0247,15,100,0.266,20.21,0.233,16.40,3.81,69.1,15.4,101.6,0.271,20.19,0.237,16.37,3.87
mSi0247,15,200,0.538,21.10,0.481,17.52,8.42,72.6,13.8,199.9,0.536,21.19,0.480,17.61,8.46
mSi0247,25,100,0.273,19.37,0.236,15.59,3.68,63.6,24.4,101.9,0.278,19.41,0.242,15.63,3.78
mSi0247,25,200,0.547,20.21,0.485,16.65,8.08,72.8,24.4,197.0,0.538,20.26,0.477,16.70,7.97
mSi0247,25,400,1.094,21.03,0.993,17.49,17.37,75.2,24.3,399.3,1.091,21.08,0.991,17.54,17.39
mSi0247,25,600,1.640,21.48,1.502,17.86,26.82,76.0,24.2,601.4,1.642,21.54,1.505,17.92,26.97
mSi0247,25,800,2.189,21.79,2.010,18.07,36.32,76.1,24.2,802.0,2.194,21.84,2.016,18.12,36.53
mSi0247,25,1000,2.740,22.02,2.530,18.11,45.82,76.0,24.1,1000.4,2.740,22.08,2.531,18.18,46.01
mSi0247,25,1100,3.013,22.12,2.785,18.16,50.57,75.9,24.1,1101.2,3.016,22.18,2.788,18.23,50.81
mSi0247,50,400,1.099,19.16,0.988,15.63,15.45,73.0,49.6,401.1,1.102,19.19,0.991,15.66,15.52
mSi0247,50,600,1.657,19.63,1.499,16.00,23.99,73.6,49.2,599.0,1.654,19.68,1.497,16.06,24.04
mSi0247,50,800,2.216,19.96,2.020,16.15,32.62,73.7,49.2,800.1,2.216,20.02,2.021,16.21,32.75
mSi0247,50,1000,2.778,20.22,2.537,16.27,41.29,73.5,49.2,999.8,2.777,20.28,2.537,16.33,41.43
mSi0247,50,1100,3.054,20.32,2.793,16.26,45.41,73.2,49.2,1100.1,3.054,20.38,2.793,16.32,45.59
mSi0247,65,600,1.669,18.53,1.501,14.88,22.33,72.5,66.0,599.9,1.670,18.46,1.501,14.80,22.21
mSi0247,65,800,2.230,18.87,2.013,15.07,30.33,72.2,66.1,801.3,2.235,18.79,2.016,14.99,30.22
mSi0247,65,1000,2.796,19.13,2.530,15.15,38.33,71.7,66.3,999.7,2.796,19.03,2.529,15.06,38.08
mSi0247,65,1100,3.077,19.24,2.790,15.18,42.35,71.5,66.3,1100.3,3.080,19.14,2.790,15.08,42.08
mSi0251,15,100,0.271,20.20,0.237,16.19,3.84,67.9,14.2,99.8,0.269,20.26,0.237,16.25,3.85
mSi0251,15,200,0.541,21.06,0.485,17.41,8.44,75.3,15.8,198.9,0.539,21.00,0.482,17.35,8.36
mSi0251,25,100,0.274,19.32,0.236,15.56,3.67,64.2,24.3,101.3,0.276,19.38,0.239,15.62,3.73
mSi0251,25,200,0.547,20.21,0.482,16.62,8.01,71.3,24.2,200.5,0.547,20.26,0.483,16.67,8.06
mSi0251,25,400,1.094,21.04,0.992,17.47,17.34,75.0,24.3,402.2,1.099,21.09,0.998,17.52,17.49
mSi0251,25,600,1.642,21.44,1.503,17.77,26.71,75.7,23.8,601.9,1.646,21.52,1.509,17.86,26.94
mSi0251,25,800,2.191,21.78,2.019,17.94,36.22,75.9,24.1,801.0,2.192,21.84,2.022,18.01,36.40
mSi0251,25,1000,2.740,22.01,2.532,18.03,45.66,75.7,24.0,999.4,2.737,22.09,2.530,18.11,45.82
mSi0251,25,1100,3.014,22.11,2.785,18.06,50.30,75.5,24.2,1103.0,3.021,22.17,2.794,18.12,50.63
mSi0251,50,400,1.102,19.15,0.993,15.56,15.45,72.9,49.4,399.6,1.100,19.20,0.992,15.61,15.48
mSi0251,50,600,1.656,19.64,1.501,15.96,23.96,73.7,50.0,599.6,1.655,19.64,1.500,15.96,23.94
mSi0251,50,800,2.219,19.97,2.021,16.13,32.59,73.6,50.6,799.9,2.220,19.93,2.021,16.08,32.50
mSi0251,50,1000,2.781,20.23,2.543,16.19,41.17,73.2,50.8,998.7,2.779,20.17,2.539,16.13,40.96
mSi0251,50,1100,3.065,20.31,2.799,16.21,45.38,72.9,50.8,1099.1,3.064,20.25,2.796,16.15,45.17
mSi0251,65,600,1.667,18.54,1.501,14.84,22.27,72.0,65.0,600.9,1.669,18.54,1.503,14.84,22.30
mSi0251,65,800,2.233,18.88,2.018,15.01,30.29,71.9,65.4,801.1,2.237,18.85,2.021,14.98,30.28
mSi0251,65,1000,2.798,19.14,2.534,15.08,38.22,71.4,65.6,1000.9,2.801,19.09,2.537,15.04,38.14
mSi0251,65,1100,3.079,19.24,2.779,15.11,42.00,70.9,66.1,1098.7,3.077,19.16,2.775,15.03,41.71
CdTe75638,15,100,0.106,81.43,0.081,63.79,5.16,59.7,15.1,100.1,0.106,81.40,0.081,63.77,5.17
CdTe75638,25,100,0.108,78.55,0.082,61.10,4.98,58.7,25.4,100.0,0.108,78.46,0.082,61.03,4.99
CdTe75638,15,200,0.219,84.87,0.182,67.13,12.20,65.7,15.1,198.8,0.218,84.85,0.180,67.12,12.11
CdTe75638,25,200,0.223,82.24,0.182,64.10,11.64,63.6,25.4,199.4,0.222,82.15,0.181,64.03,11.60
CdTe75638,25,400,0.460,85.05,0.390,65.38,25.49,65.1,25.4,398.9,0.459,84.97,0.389,65.32,25.39
CdTe75638,50,400,0.464,78.52,0.395,60.56,23.94,65.7,49.7,399.8,0.464,78.58,0.395,60.60,23.93
CdTe75638,25,600,0.704,86.41,0.601,65.03,39.09,64.3,25.4,600.5,0.704,86.33,0.602,64.97,39.10
CdTe75638,50,600,0.708,80.51,0.605,60.97,36.91,64.8,49.7,600.5,0.708,80.57,0.606,61.01,36.97
CdTe75638,65,600,0.710,77.05,0.612,58.31,35.68,65.2,64.8,600.1,0.710,77.09,0.612,58.34,35.70
CdTe75638,25,800,0.950,87.23,0.811,64.53,52.31,63.1,25.4,799.6,0.950,87.16,0.810,64.48,52.24
CdTe75638,50,800,0.959,81.75,0.823,60.39,49.72,63.4,49.5,801.3,0.960,81.86,0.825,60.47,49.87
CdTe75638,65,800,0.962,78.38,0.830,57.98,48.11,63.8,64.9,800.5,0.963,78.41,0.830,58.00,48.16
CdTe75638,25,1000,1.197,87.79,1.010,63.67,64.28,61.2,25.3,1001.2,1.199,87.72,1.011,63.62,64.32
CdTe75638,50,1000,1.210,82.57,1.027,59.86,61.50,61.5,49.5,999.5,1.210,82.68,1.027,59.93,61.54
CdTe75638,65,1000,1.215,79.42,1.031,57.60,59.42,61.6,64.6,1001.4,1.217,79.50,1.033,57.66,59.57
CdTe75638,25,1100,1.325,88.05,1.131,63.41,71.74,61.5,25.1,1098.6,1.323,88.03,1.130,63.40,71.62
CdTe75638,50,1100,1.340,82.91,1.141,59.47,67.85,61.1,49.7,1101.5,1.342,82.97,1.143,59.51,68.01
CdTe75638,65,1100,1.345,80.13,1.151,57.54,66.22,61.5,64.1,1100.6,1.345,80.32,1.151,57.68,66.40
CdTe75669,15,100,0.105,80.74,0.082,62.03,5.11,61.1,15.5,100.1,0.105,80.64,0.083,61.95,5.12
CdTe75669,15,200,0.217,83.91,0.178,65.87,11.73,64.4,15.0,201.2,0.219,83.92,0.179,65.88,11.81
CdTe75669,25,100,0.107,76.74,0.083,59.31,4.93,60.6,25.3,99.8,0.107,76.67,0.083,59.26,4.92
CdTe75669,25,200,0.221,80.30,0.181,62.76,11.35,64.2,25.3,199.7,0.221,80.23,0.181,62.71,11.32
CdTe75669,25,400,0.457,83.23,0.385,64.12,24.67,64.8,25.3,398.3,0.456,83.16,0.383,64.07,24.53
CdTe75669,25,600,0.699,84.71,0.592,63.75,37.73,63.7,25.3,601.0,0.701,84.65,0.593,63.70,37.77
CdTe75669,25,800,0.944,85.67,0.796,63.13,50.27,62.2,25.2,800.3,0.945,85.62,0.797,63.09,50.27
CdTe75669,25,1000,1.192,86.33,1.003,62.17,62.35,60.6,25.0,999.9,1.192,86.33,1.003,62.16,62.34
CdTe75669,25,1100,1.318,86.58,1.106,61.78,68.31,59.9,25.3,1103.9,1.323,86.52,1.110,61.73,68.56
CdTe75669,50,400,0.462,77.43,0.394,59.57,23.46,65.5,49.4,401.1,0.463,77.55,0.395,59.66,23.56
CdTe75669,50,600,0.707,79.22,0.606,59.70,36.15,64.5,49.3,601.8,0.709,79.37,0.608,59.81,36.34
CdTe75669,50,800,0.958,80.29,0.817,59.19,48.37,62.9,49.5,800.9,0.959,80.39,0.818,59.26,48.49
CdTe75669,50,1000,1.211,80.99,1.028,58.30,59.93,61.1,49.3,999.8,1.210,81.12,1.028,58.40,60.01
CdTe75669,50,1100,1.336,81.52,1.130,58.15,65.69,60.4,50.2,1101.6,1.338,81.48,1.132,58.12,65.78
CdTe75669,65,600,0.711,76.05,0.612,57.29,35.08,64.9,64.8,602.0,0.713,76.09,0.614,57.33,35.23
CdTe75669,65,800,0.962,77.40,0.827,56.98,47.11,63.3,64.6,801.2,0.963,77.47,0.828,57.04,47.23
CdTe75669,65,1000,1.215,78.43,1.038,56.54,58.67,61.6,64.4,1001.0,1.216,78.55,1.039,56.63,58.82
CdTe75669,65,1100,1.343,79.01,1.146,56.19,64.39,60.7,64.0,1101.7,1.345,79.21,1.148,56.34,64.67
CIGS39017,15,100,0.643,23.97,0.368,11.42,4.20,27.2,14.5,99.4,0.640,24.04,0.366,11.48,4.20
CIGS39017,25,100,0.644,30.37,0.376,19.38,7.27,37.2,25.0,100.3,0.646,30.36,0.378,19.37,7.31
CIGS39017,15,200,1.280,32.03,0.736,21.26,15.64,38.1,14.8,201.4,1.289,32.06,0.745,21.29,15.86
CIGS39017,25,200,1.281,35.40,0.885,24.05,21.29,46.9,25.0,200.1,1.282,35.39,0.886,24.05,21.29
CIGS39017,25,400,2.546,38.43,1.886,27.90,52.61,53.8,25.0,399.8,2.545,38.43,1.884,27.90,52.56
CIGS39017,50,400,2.543,35.26,1.866,25.16,46.95,52.4,50.2,401.9,2.555,35.24,1.877,25.13,47.18
CIGS39017,25,600,3.805,39.78,2.916,28.73,83.77,55.3,25.0,599.5,3.802,39.78,2.913,28.73,83.67
CIGS39017,50,600,3.804,36.64,2.868,25.82,74.04,53.1,50.2,601.6,3.814,36.61,2.877,25.79,74.18
CIGS39017,65,600,3.778,34.55,2.823,23.55,66.49,51.0,65.4,601.6,3.787,34.50,2.831,23.50,66.53
CIGS39017,25,800,5.056,40.64,3.930,28.70,112.80,54.9,25.0,801.4,5.064,40.64,3.939,28.71,113.06
CIGS39017,50,800,5.059,37.50,3.857,25.81,99.58,52.5,50.1,798.5,5.050,37.49,3.848,25.80,99.28
CIGS39017,65,800,5.023,35.47,3.770,23.49,88.56,49.7,65.1,798.9,5.016,35.46,3.762,23.48,88.36
CIGS39017,25,1000,6.294,41.37,4.916,28.59,140.55,54.0,25.1,999.4,6.290,41.36,4.912,28.58,140.37
CIGS39017,50,1000,6.303,38.12,4.810,25.49,122.62,51.0,50.0,999.9,6.302,38.12,4.810,25.50,122.64
CIGS39017,65,1000,6.245,36.15,4.650,23.19,107.84,47.8,65.2,999.3,6.240,36.13,4.644,23.17,107.59
CIGS39017,25,1100,6.905,41.65,5.396,28.44,153.44,53.4,25.1,1098.3,6.894,41.63,5.384,28.42,153.01
CIGS39017,50,1100,6.915,38.53,5.286,25.35,134.00,50.3,49.8,1099.7,6.913,38.55,5.285,25.37,134.08
CIGS39017,65,1100,6.848,36.43,5.116,22.78,116.55,46.7,65.2,1099.9,6.847,36.41,5.114,22.76,116.39
CIGS39013,15,100,0.611,24.95,0.347,15.05,5.20,33.9,14.8,99.8,0.610,24.98,0.347,15.08,5.20
CIGS39013,15,200,1.216,31.47,0.783,20.76,16.26,44.7,15.7,197.2,1.197,31.37,0.763,20.66,15.77
CIGS39013,25,100,0.611,27.75,0.340,17.37,5.91,30.4,24.6,100.7,0.617,27.80,0.346,17.43,6.03
CIGS39013,25,200,1.218,33.83,0.770,23.07,17.76,42.7,24.6,199.6,1.217,33.89,0.769,23.12,17.78
CIGS39013,25,400,2.418,37.60,1.715,26.82,45.99,50.4,24.5,398.7,2.412,37.66,1.709,26.88,45.93
CIGS39013,25,600,3.612,39.19,2.671,27.92,74.56,52.7,24.5,605.6,3.647,39.26,2.706,27.99,75.75
CIGS39013,25,800,4.794,40.07,3.630,28.14,102.15,53.2,24.4,800.2,4.797,40.15,3.634,28.22,102.54
CIGS39013,25,1000,5.968,40.68,4.544,28.11,127.71,52.6,24.2,999.9,5.970,40.78,4.547,28.20,128.23
CIGS39013,25,1100,6.544,41.06,4.987,28.12,140.20,52.2,24.6,1100.3,6.547,41.11,4.990,28.16,140.54
CIGS39013,50,400,2.386,34.01,1.686,23.49,39.58,48.3,48.9,399.6,2.387,34.16,1.688,23.64,39.89
CIGS39013,50,600,3.574,35.66,2.592,24.71,64.03,50.2,49.5,602.2,3.588,35.73,2.607,24.77,64.58
CIGS39013,50,800,4.752,36.71,3.527,24.94,87.96,50.4,49.1,800.6,4.757,36.83,3.534,25.05,88.53
CIGS39013,50,1000,5.915,37.33,4.411,24.95,110.05,49.8,50.8,1000.1,5.914,37.22,4.408,24.85,109.53
CIGS39013,50,1100,6.484,37.72,4.833,25.08,121.22,49.6,50.1,1100.2,6.485,37.72,4.834,25.07,121.21
CIGS39013,65,600,3.547,33.59,2.587,22.53,58.28,49.1,65.8,600.9,3.550,33.48,2.589,22.43,58.06
CIGS39013,65,800,4.712,34.60,3.454,22.80,78.74,48.4,65.6,800.3,4.712,34.51,3.453,22.71,78.43
CIGS39013,65,1000,5.855,35.31,4.302,22.60,97.25,47.0,65.4,998.9,5.848,35.26,4.294,22.56,96.86
CIGS39013,65,1100,6.431,35.60,4.678,22.65,105.95,46.3,64.8,1100.0,6.432,35.64,4.678,22.68,106.12
CIGS8-001,15,100,0.256,36.74,0.200,27.56,5.52,58.6,15.2,99.7,0.256,36.71,0.199,27.53,5.48
CIGS8-001,25,100,0.257,34.06,0.174,23.55,4.09,46.8,24.7,99.9,0.257,34.09,0.174,23.57,4.09
CIGS8-001,15,200,0.510,38.96,0.421,30.31,12.77,64.3,14.5,198.3,0.505,39.02,0.417,30.36,12.67
CIGS8-001,25,200,0.511,37.45,0.377,28.10,10.58,55.3,24.8,200.7,0.513,37.48,0.379,28.13,10.65
CIGS8-001,25,400,1.017,39.83,0.811,31.09,25.23,62.3,24.8,399.6,1.016,39.85,0.811,31.12,25.22
CIGS8-001,50,400,1.020,36.15,0.853,27.96,23.85,64.7,50.1,399.9,1.019,36.14,0.853,27.95,23.83
CIGS8-001,25,600,1.523,40.97,1.254,32.04,40.17,64.4,24.8,599.9,1.523,41.00,1.254,32.06,40.19
CIGS8-001,50,600,1.533,37.23,1.304,28.60,37.28,65.3,50.2,599.4,1.531,37.21,1.302,28.58,37.21
CIGS8-001,65,600,1.532,35.01,1.299,26.59,34.54,64.4,65.4,600.0,1.532,34.96,1.299,26.55,34.48
CIGS8-001,25,800,2.028,41.70,1.700,32.44,55.14,65.2,24.8,799.8,2.028,41.72,1.700,32.45,55.16
CIGS8-001,50,800,2.047,37.95,1.757,28.88,50.76,65.4,50.1,799.1,2.045,37.94,1.755,28.88,50.68
CIGS8-001,65,800,2.042,35.77,1.746,26.87,46.91,64.2,65.5,799.9,2.042,35.70,1.745,26.81,46.79
CIGS8-001,25,1000,2.530,42.23,2.153,32.54,70.06,65.6,24.7,1000.2,2.531,42.26,2.154,32.57,70.15
CIGS8-001,50,1000,2.553,38.46,2.202,28.90,63.65,64.8,50.2,1000.6,2.554,38.43,2.203,28.88,63.63
CIGS8-001,65,1000,2.553,36.35,2.191,27.00,59.17,63.7,65.3,1001.0,2.556,36.32,2.193,26.98,59.17
CIGS8-001,25,1100,2.781,42.43,2.378,32.55,77.40,65.6,24.7,1098.4,2.777,42.46,2.374,32.58,77.34
CIGS8-001,50,1100,2.810,38.63,2.430,28.84,70.09,64.6,50.0,1101.2,2.813,38.63,2.433,28.84,70.16
CIGS8-001,65,1100,2.813,36.60,2.410,27.08,65.27,63.4,64.7,1101.7,2.817,36.63,2.415,27.11,65.46
CIGS1-001,15,100,0.253,37.33,0.207,29.20,6.04,64.4,15.2,99.9,0.253,37.31,0.206,29.18,6.02
CIGS1-001,15,200,0.503,39.10,0.419,31.10,13.02,64.8,14.2,202.7,0.510,39.21,0.426,31.19,13.29
CIGS1-001,25,100,0.253,36.43,0.201,28.63,5.77,61.9,25.7,101.5,0.257,36.34,0.205,28.55,5.85
CIGS1-001,25,200,0.503,38.41,0.424,30.74,13.02,68.0,25.7,200.1,0.504,38.32,0.423,30.66,12.98
CIGS1-001,25,400,1.006,40.19,0.873,32.25,28.17,70.0,25.7,399.3,1.004,40.10,0.871,32.17,28.03
CIGS1-001,25,600,1.506,41.13,1.323,32.83,43.44,70.3,25.6,600.2,1.507,41.05,1.323,32.75,43.34
CIGS1-001,25,800,2.005,41.78,1.771,33.08,58.58,70.0,25.9,801.5,2.010,41.66,1.774,32.97,58.50
CIGS1-001,25,1000,2.505,42.29,2.223,33.13,73.66,69.5,25.6,999.0,2.503,42.21,2.220,33.06,73.40
CIGS1-001,25,1100,2.753,42.45,2.442,33.09,80.79,69.1,25.8,1099.7,2.752,42.34,2.440,32.99,80.50
CIGS1-001,50,400,1.003,36.37,0.866,28.62,24.80,67.9,49.9,401.4,1.006,36.38,0.870,28.64,24.91
CIGS1-001,50,600,1.505,37.33,1.315,29.15,38.33,68.3,50.2,601.2,1.508,37.30,1.318,29.12,38.38
CIGS1-001,50,800,2.007,37.94,1.763,29.31,51.67,67.9,50.2,802.2,2.013,37.91,1.768,29.29,51.78
CIGS1-001,50,1000,2.510,38.36,2.209,29.29,64.70,67.2,49.6,1001.2,2.513,38.41,2.213,29.33,64.90
CIGS1-001,50,1100,2.761,38.74,2.427,29.44,71.46,66.8,49.3,1101.7,2.765,38.83,2.432,29.52,71.80
CIGS1-001,65,600,1.509,34.78,1.309,26.69,34.94,66.5,64.7,600.6,1.511,34.82,1.311,26.73,35.04
CIGS1-001,65,800,2.010,35.49,1.749,26.97,47.18,66.1,64.5,802.5,2.016,35.56,1.756,27.03,47.47
CIGS1-001,65,1000,2.514,36.01,2.188,27.07,59.22,65.4,64.2,1001.5,2.518,36.11,2.192,27.16,59.54
CIGS1-001,65,1100,2.768,36.23,2.413,27.00,65.16,65.0,64.0,1102.3,2.773,36.36,2.420,27.12,65.64
HIT05667,15,100,0.558,46.74,0.510,40.10,20.47,78.5,14.4,100.9,0.562,46.82,0.516,40.18,20.72
HIT05667,25,100,0.570,45.37,0.526,38.39,20.19,78.1,25.0,98.7,0.563,45.37,0.519,38.39,19.91
HIT05667,15,200,1.111,48.23,1.013,41.70,42.25,78.9,15.3,202.4,1.124,48.19,1.026,41.66,42.76
HIT05667,25,200,1.126,46.90,1.041,40.15,41.79,79.1,25.0,201.0,1.132,46.89,1.046,40.15,42.01
HIT05667,25,400,2.232,48.34,2.076,41.01,85.16,78.9,25.0,400.8,2.237,48.33,2.081,41.01,85.33
HIT05667,50,400,2.234,44.89,2.059,37.23,76.65,76.4,50.0,400.7,2.238,44.90,2.063,37.23,76.81
HIT05667,25,600,3.334,49.17,3.114,41.30,128.58,78.4,25.0,599.0,3.329,49.16,3.108,41.29,128.32
HIT05667,50,600,3.329,45.81,3.081,37.77,116.35,76.3,50.3,600.4,3.332,45.77,3.083,37.73,116.30
HIT05667,65,600,3.349,43.77,3.074,35.63,109.53,74.7,65.0,601.0,3.354,43.77,3.079,35.63,109.72
HIT05667,25,800,4.433,49.76,4.151,41.38,171.76,77.9,25.0,801.0,4.438,49.75,4.156,41.37,171.97
HIT05667,50,800,4.441,46.42,4.115,37.94,156.15,75.8,50.1,798.5,4.433,46.40,4.107,37.93,155.77
HIT05667,65,800,4.459,44.43,4.106,35.83,147.12,74.3,64.9,800.4,4.461,44.44,4.108,35.84,147.25
HIT05667,25,1000,5.532,50.21,5.177,41.43,214.48,77.2,24.9,1001.0,5.537,50.23,5.182,41.45,214.79
HIT05667,50,1000,5.539,46.90,5.112,38.10,194.79,75.0,50.5,1001.4,5.548,46.83,5.120,38.03,194.68
HIT05667,65,1000,5.566,44.92,5.119,35.93,183.92,73.6,64.7,999.5,5.563,44.96,5.117,35.97,184.05
HIT05667,25,1100,6.079,50.39,5.632,41.52,233.84,76.3,25.0,1102.3,6.092,50.40,5.645,41.52,234.39
HIT05667,50,1100,6.101,47.11,5.639,37.87,213.58,74.3,50.1,1099.8,6.100,47.10,5.638,37.86,213.43
HIT05667,65,1100,6.129,45.16,5.604,35.99,201.73,72.9,64.6,1103.6,6.148,45.21,5.625,36.05,202.78
HIT05662,15,100,0.566,47.14,0.538,40.08,21.57,79.5,14.0,96.1,0.542,47.28,0.517,40.22,20.78
HIT05662,15,200,1.121,48.76,1.043,41.61,43.38,79.0,14.7,199.5,1.117,48.80,1.040,41.65,43.32
HIT05662,25,100,0.569,46.18,0.524,39.36,20.64,75.8,24.2,101.1,0.574,46.28,0.531,39.46,20.95
HIT05662,25,200,1.132,47.69,1.056,40.32,42.56,77.9,24.2,201.7,1.140,47.80,1.066,40.43,43.08
HIT05662,25,400,2.249,49.14,2.098,41.58,87.22,78.7,24.3,400.2,2.249,49.23,2.099,41.68,87.48
HIT05662,25,600,3.361,49.97,3.136,41.99,131.70,78.3,24.2,600.7,3.363,50.07,3.140,42.10,132.22
HIT05662,25,800,4.474,50.54,4.180,42.09,175.91,77.7,24.3,798.9,4.467,50.63,4.174,42.18,176.06
HIT05662,25,1000,5.584,50.98,5.181,42.17,218.48,76.8,24.2,1003.9,5.604,51.09,5.203,42.28,219.96
HIT05662,25,1100,6.136,51.17,5.740,41.94,240.72,76.7,24.2,1100.1,6.135,51.27,5.741,42.04,241.35
HIT05662,50,400,2.258,45.73,2.099,37.90,79.56,77.0,49.8,398.1,2.247,45.76,2.089,37.94,79.24
HIT05662,50,600,3.380,46.74,3.131,38.59,120.84,76.7,51.1,600.9,3.388,46.61,3.136,38.45,120.58
HIT05662,50,800,4.516,47.30,4.182,38.66,161.70,75.7,49.0,799.8,4.513,47.42,4.182,38.80,162.24
HIT05662,50,1000,5.642,47.80,5.231,38.66,202.25,75.0,51.4,1000.4,5.647,47.62,5.232,38.47,201.29
HIT05662,50,1100,6.205,47.96,5.715,38.78,221.62,74.5,49.9,1101.8,6.216,47.96,5.725,38.79,222.08
HIT05662,65,600,3.397,44.77,3.131,36.52,114.37,75.1,64.8,601.6,3.406,44.79,3.141,36.55,114.80
HIT05662,65,800,4.531,45.36,4.171,36.64,152.82,74.4,65.9,801.5,4.541,45.25,4.179,36.51,152.60
HIT05662,65,1000,5.665,45.84,5.194,36.77,191.01,73.6,66.5,1001.8,5.678,45.64,5.203,36.57,190.27
HIT05662,65,1100,6.222,46.04,5.739,36.62,210.18,73.3,66.8,1100.4,6.228,45.80,5.741,36.37,208.79
aSiTandem72-46,15,100,0.090,54.73,0.070,42.28,2.97,60.4,14.3,100.4,0.090,54.88,0.070,42.39,2.96
aSiTandem72-46,25,100,0.090,51.76,0.071,39.80,2.81,60.3,25.3,98.9,0.089,51.70,0.070,39.76,2.78
aSiTandem72-46,15,200,0.187,57.22,0.152,44.15,6.71,62.9,15.0,198.5,0.185,57.23,0.151,44.16,6.65
aSiTandem72-46,25,200,0.190,54.40,0.151,42.22,6.39,61.8,25.3,198.6,0.189,54.34,0.150,42.18,6.34
aSiTandem72-46,25,400,0.400,56.87,0.324,43.70,14.15,62.2,25.3,399.5,0.400,56.81,0.324,43.66,14.13
aSiTandem72-46,50,400,0.408,51.40,0.334,39.64,13.26,63.3,49.7,401.0,0.409,51.46,0.335,39.69,13.30
aSiTandem72-46,25,600,0.618,58.24,0.500,44.38,22.18,61.6,25.3,601.4,0.620,58.18,0.501,44.34,22.23
aSiTandem72-46,50,600,0.631,52.90,0.519,40.40,20.97,62.8,50.2,600.1,0.632,52.87,0.519,40.37,20.97
aSiTandem72-46,65,600,0.638,49.56,0.527,37.63,19.82,62.7,65.4,600.7,0.639,49.48,0.528,37.57,19.83
aSiTandem72-46,25,800,0.842,59.16,0.683,44.36,30.30,60.9,25.3,799.2,0.841,59.10,0.683,44.32,30.25
aSiTandem72-46,50,800,0.860,53.95,0.706,40.74,28.76,62.0,50.3,799.6,0.860,53.89,0.706,40.70,28.72
aSiTandem72-46,65,800,0.869,50.68,0.716,38.20,27.34,62.1,65.3,800.3,0.870,50.62,0.716,38.16,27.33
aSiTandem72-46,25,1000,1.067,59.86,0.863,44.48,38.38,60.1,25.1,998.4,1.065,59.84,0.861,44.47,38.29
aSiTandem72-46,50,1000,1.092,54.78,0.893,41.03,36.65,61.3,50.6,999.9,1.092,54.65,0.894,40.93,36.58
aSiTandem72-46,65,1000,1.105,51.52,0.908,38.46,34.93,61.4,64.9,999.5,1.104,51.54,0.908,38.47,34.92
aSiTandem72-46,25,1100,1.182,60.16,0.953,44.54,42.45,59.7,25.2,1099.0,1.181,60.12,0.952,44.51,42.38
aSiTandem72-46,50,1100,1.211,55.14,0.991,41.06,40.70,60.9,50.2,1101.8,1.213,55.10,0.993,41.03,40.76
aSiTandem72-46,65,1100,1.224,51.90,1.008,38.48,38.77,61.0,64.7,1100.0,1.224,51.97,1.007,38.54,38.81
aSiTandem90-31,15,100,0.096,55.15,0.077,42.35,3.26,60.3,14.3,98.1,0.094,55.30,0.074,42.46,3.15
aSiTandem90-31,15,200,0.201,57.66,0.159,44.43,7.08,61.3,15.3,198.4,0.200,57.60,0.158,44.39,7.02
aSiTandem90-31,25,100,0.097,52.70,0.076,40.88,3.11,60.2,25.1,101.0,0.098,52.68,0.077,40.86,3.15
aSiTandem90-31,25,200,0.204,55.30,0.163,42.78,6.97,61.9,25.1,201.4,0.205,55.28,0.164,42.77,7.03
aSiTandem90-31,25,400,0.428,57.68,0.347,44.14,15.31,62.0,25.1,398.7,0.427,57.67,0.346,44.13,15.25
aSiTandem90-31,25,600,0.659,59.02,0.534,44.71,23.88,61.4,25.1,600.4,0.660,59.01,0.535,44.70,23.89
aSiTandem90-31,25,800,0.896,59.93,0.721,44.98,32.44,60.5,25.0,802.0,0.898,59.93,0.724,44.98,32.55
aSiTandem90-31,25,1000,1.135,60.59,0.910,45.02,40.98,59.6,24.7,998.3,1.133,60.65,0.908,45.06,40.92
aSiTandem90-31,25,1100,1.257,60.89,1.008,44.90,45.24,59.2,24.9,1101.8,1.259,60.91,1.010,44.91,45.34
aSiTandem90-31,50,400,0.435,52.09,0.358,40.14,14.35,63.1,49.4,399.8,0.434,52.22,0.357,40.23,14.35
aSiTandem90-31,50,600,0.671,53.59,0.552,40.87,22.54,62.7,49.6,601.2,0.672,53.67,0.552,40.92,22.61
aSiTandem90-31,50,800,0.913,54.59,0.750,41.20,30.89,62.0,49.8,798.1,0.910,54.63,0.747,41.23,30.82
aSiTandem90-31,50,1000,1.161,55.31,0.954,41.20,39.31,61.2,49.9,999.1,1.160,55.33,0.953,41.21,39.27
aSiTandem90-31,50,1100,1.283,55.77,1.049,41.44,43.49,60.8,49.2,1099.1,1.282,55.94,1.047,41.57,43.53
aSiTandem90-31,65,600,0.679,50.14,0.559,38.19,21.37,62.8,65.4,600.6,0.680,50.05,0.561,38.12,21.38
aSiTandem90-31,65,800,0.925,51.26,0.764,38.51,29.44,62.1,65.4,801.2,0.927,51.18,0.766,38.45,29.46
aSiTandem90-31,65,1000,1.172,52.10,0.968,38.74,37.50,61.4,65.1,1000.4,1.173,52.07,0.969,38.72,37.51
aSiTandem90-31,65,1100,1.299,52.44,1.068,38.79,41.44,60.8,64.7,1102.9,1.302,52.51,1.071,38.85,41.61
aSiTriple28324,15,100,0.365,20.67,0.300,16.06,4.82,63.8,16.0,98.3,0.363,20.57,0.299,15.99,4.78
aSiTriple28324,25,100,0.375,19.43,0.304,15.32,4.67,64.0,25.3,98.7,0.372,19.40,0.301,15.30,4.61
aSiTriple28324,15,200,0.791,21.81,0.647,16.70,10.80,62.6,14.3,201.3,0.793,21.88,0.649,16.74,10.86
aSiTriple28324,25,200,0.801,20.60,0.656,15.92,10.44,63.3,25.4,200.8,0.806,20.56,0.661,15.89,10.50
aSiTriple28324,25,400,1.707,21.69,1.400,16.28,22.79,61.6,25.4,400.7,1.711,21.65,1.405,16.25,22.84
aSiTriple28324,50,400,1.737,19.11,1.445,14.53,21.00,63.3,49.7,397.9,1.727,19.14,1.435,14.55,20.88
aSiTriple28324,25,600,2.650,22.29,2.145,16.46,35.29,59.7,25.4,600.4,2.653,22.25,2.148,16.43,35.29
aSiTriple28324,50,600,2.704,19.81,2.237,14.74,32.96,61.5,49.7,600.0,2.702,19.84,2.235,14.75,32.98
aSiTriple28324,65,600,2.734,18.30,2.267,13.53,30.68,61.3,65.2,599.7,2.733,18.28,2.267,13.52,30.65
aSiTriple28324,25,800,3.609,22.71,2.906,16.40,47.66,58.2,25.4,799.1,3.607,22.67,2.904,16.37,47.55
aSiTriple28324,50,800,3.698,20.29,3.037,14.83,45.04,60.0,50.1,800.6,3.701,20.28,3.040,14.83,45.07
aSiTriple28324,65,800,3.743,18.80,3.077,13.70,42.17,59.9,64.9,799.9,3.742,18.81,3.076,13.71,42.18
aSiTriple28324,25,1000,4.584,23.02,3.667,16.37,60.01,56.9,25.4,1000.7,4.588,22.99,3.672,16.34,59.99
aSiTriple28324,50,1000,4.706,20.67,3.830,14.91,57.12,58.7,49.9,1000.3,4.707,20.68,3.831,14.92,57.16
aSiTriple28324,65,1000,4.761,19.20,3.892,13.76,53.55,58.6,65.1,1000.8,4.765,19.19,3.896,13.76,53.60
aSiTriple28324,25,1100,5.071,23.16,4.060,16.28,66.09,56.3,25.4,1100.5,5.075,23.12,4.064,16.25,66.05
aSiTriple28324,50,1100,5.209,20.82,4.232,14.90,63.07,58.2,50.3,1097.7,5.199,20.78,4.223,14.88,62.83
aSiTriple28324,65,1100,5.274,19.37,4.301,13.79,59.32,58.1,64.6,1099.3,5.269,19.40,4.296,13.82,59.35
aSiTriple28325,15,100,0.365,21.10,0.294,16.34,4.81,61.7,14.7,100.3,0.364,21.12,0.294,16.36,4.81
aSiTriple28325,15,200,0.771,21.98,0.628,16.84,10.58,63.4,15.9,199.5,0.773,21.90,0.630,16.78,10.57
aSiTriple28325,25,100,0.373,19.76,0.300,15.48,4.64,62.0,24.9,101.2,0.377,19.77,0.303,15.49,4.70
aSiTriple28325,25,200,0.789,20.86,0.647,16.08,10.41,63.1,24.9,199.6,0.787,20.87,0.645,16.08,10.38
aSiTriple28325,25,400,1.669,21.91,1.358,16.52,22.44,61.3,24.9,399.3,1.666,21.92,1.355,16.53,22.39
aSiTriple28325,25,600,2.575,22.49,2.091,16.66,34.83,60.1,24.9,600.1,2.575,22.50,2.091,16.67,34.85
aSiTriple28325,25,800,3.500,22.89,2.816,16.73,47.10,58.8,24.9,801.1,3.505,22.90,2.820,16.74,47.19
aSiTriple28325,25,1000,4.431,23.19,3.548,16.71,59.28,57.7,24.8,999.5,4.428,23.21,3.545,16.72,59.28
aSiTriple28325,25,1100,4.898,23.32,3.919,16.67,65.32,57.2,24.9,1099.6,4.895,23.33,3.917,16.67,65.32
aSiTriple28325,50,400,1.690,19.33,1.393,14.66,20.42,63.2,51.6,401.2,1.702,19.18,1.405,14.55,20.45
aSiTriple28325,50,600,2.632,20.00,2.155,14.93,32.18,61.4,51.4,599.3,2.635,19.87,2.158,14.84,32.03
aSiTriple28325,50,800,3.583,20.47,2.918,15.08,44.01,60.1,50.9,800.2,3.587,20.39,2.922,15.02,43.90
aSiTriple28325,50,1000,4.546,20.85,3.684,15.18,55.94,59.0,49.9,999.2,4.543,20.86,3.681,15.19,55.90
aSiTriple28325,50,1100,5.030,20.98,4.072,15.16,61.74,58.5,50.9,1098.5,5.027,20.90,4.069,15.10,61.45
aSiTriple28325,65,600,2.659,18.47,2.185,13.69,29.92,61.1,65.7,599.0,2.657,18.41,2.183,13.65,29.80
aSiTriple28325,65,800,3.624,18.97,2.959,13.86,41.02,59.7,65.6,799.6,3.625,18.92,2.960,13.82,40.91
aSiTriple28325,65,1000,4.594,19.36,3.725,13.99,52.10,58.6,65.5,1000.9,4.600,19.32,3.731,13.96,52.08
aSiTriple28325,65,1100,5.081,19.52,4.121,13.99,57.66,58.1,65.8,1099.6,5.082,19.45,4.122,13.94,57.46
